{
  "MSE": 63.593240442375716,
  "RMSE": 7.974537004890987,
  "MAE": 2.8995846280716915,
  "R2": 0.0847245786980576
}