{
  "MSE": 2224.996165336074,
  "RMSE": 47.169865012909185,
  "MAE": 15.831627753436226,
  "R2": 0.4062881636170178
}