{
  "MSE": 2202.339504701193,
  "RMSE": 46.92909017551047,
  "MAE": 19.402674967228478,
  "R2": 0.47863387545129665
}