{
  "MSE": 3006.38990966615,
  "RMSE": 54.83055635014248,
  "MAE": 20.005129098892212,
  "R2": 0.2882887253581591
}