{
  "MSE": 233782.76047732218,
  "RMSE": 483.5108690374211,
  "MAE": 160.7838086693812,
  "R2": -0.12203119727223166
}