{
  "MSE": 18.491661717742378,
  "RMSE": 4.300193218652201,
  "MAE": 1.6375036645021483,
  "R2": 0.6996740611323895
}