{
  "MSE": 220814.23197492494,
  "RMSE": 469.90874856180847,
  "MAE": 152.30473454976226,
  "R2": -0.1152350565856115
}