{
  "MSE": 371.6043346104375,
  "RMSE": 19.277041645709993,
  "MAE": 6.896180780834264,
  "R2": 0.8985971645578069
}