{
  "MSE": 8.69725616988931,
  "RMSE": 2.9491110813072656,
  "MAE": 1.2427148724130654,
  "R2": 0.8555215571313055
}