{
  "MSE": 14693.069265295333,
  "RMSE": 121.21497129189666,
  "MAE": 37.80088620152702,
  "R2": 0.9183947844779354
}