{
  "MSE": 651.7658413376814,
  "RMSE": 25.52970507737372,
  "MAE": 8.147210305043838,
  "R2": 0.8221471113212598
}