{
  "MSE": 8.946143998012882,
  "RMSE": 2.9910105312440614,
  "MAE": 1.202843335374624,
  "R2": 0.8513870433083417
}