{
  "MSE": 12968.121598581698,
  "RMSE": 113.87766066521431,
  "MAE": 35.18127879872918,
  "R2": 0.9279751331147537
}